{
  "seed": 42,
  "prevalence": 0.1793103448275862,
  "n_test_windows": 725,
  "n_test_anomalous": 130,
  "lstm": {
    "auprc": 0.5718666777207039,
    "auroc": 0.760775694893342
  },
  "isolation_forest": {
    "auprc": 0.3192872958061165,
    "auroc": 0.721305753070459
  }
}