model,auprc,auroc
LSTM Autoencoder,0.5718666777207039,0.760775694893342
Isolation Forest,0.3192872958061165,0.721305753070459
